--
-- PostgreSQL database dump
--

\restrict D8DIdM3iJoCMfCVD9dE54LxxPsFTGb4BOKrGxhLC9Z95jaOdkn3fajAkx6ilBvw

-- Dumped from database version 17.7
-- Dumped by pg_dump version 17.7

SET statement_timeout = 0;
SET lock_timeout = 0;
SET idle_in_transaction_session_timeout = 0;
SET transaction_timeout = 0;
SET client_encoding = 'UTF8';
SET standard_conforming_strings = on;
SELECT pg_catalog.set_config('search_path', '', false);
SET check_function_bodies = false;
SET xmloption = content;
SET client_min_messages = warning;
SET row_security = off;

SET default_tablespace = '';

SET default_table_access_method = heap;

--
-- Name: cuota; Type: TABLE; Schema: public; Owner: postgres
--

CREATE TABLE public.cuota (
    id bigint NOT NULL,
    estado character varying(255) NOT NULL,
    fecha_generacion date NOT NULL,
    fecha_vencimiento date,
    monto numeric(10,2) NOT NULL,
    periodo date NOT NULL,
    deporte_id bigint NOT NULL,
    persona_id bigint NOT NULL,
    concepto text,
    pago_id bigint,
    CONSTRAINT cuota_estado_check CHECK (((estado)::text = ANY ((ARRAY['GENERADA'::character varying, 'VENCIDA'::character varying, 'PAGADA'::character varying])::text[])))
);


ALTER TABLE public.cuota OWNER TO postgres;

--
-- Name: cuota_id_seq; Type: SEQUENCE; Schema: public; Owner: postgres
--

ALTER TABLE public.cuota ALTER COLUMN id ADD GENERATED BY DEFAULT AS IDENTITY (
    SEQUENCE NAME public.cuota_id_seq
    START WITH 1
    INCREMENT BY 1
    NO MINVALUE
    NO MAXVALUE
    CACHE 1
);


--
-- Name: deporte; Type: TABLE; Schema: public; Owner: postgres
--

CREATE TABLE public.deporte (
    id bigint NOT NULL,
    cuota_mensual numeric(10,2) NOT NULL,
    descripcion text,
    nombre character varying(100) NOT NULL
);


ALTER TABLE public.deporte OWNER TO postgres;

--
-- Name: deporte_id_seq; Type: SEQUENCE; Schema: public; Owner: postgres
--

ALTER TABLE public.deporte ALTER COLUMN id ADD GENERATED BY DEFAULT AS IDENTITY (
    SEQUENCE NAME public.deporte_id_seq
    START WITH 1
    INCREMENT BY 1
    NO MINVALUE
    NO MAXVALUE
    CACHE 1
);


--
-- Name: inscripcion; Type: TABLE; Schema: public; Owner: postgres
--

CREATE TABLE public.inscripcion (
    id bigint NOT NULL,
    fecha_baja date,
    fecha_inscripcion date NOT NULL,
    deporte_id bigint NOT NULL,
    persona_id bigint NOT NULL
);


ALTER TABLE public.inscripcion OWNER TO postgres;

--
-- Name: inscripcion_seq; Type: SEQUENCE; Schema: public; Owner: postgres
--

CREATE SEQUENCE public.inscripcion_seq
    START WITH 1
    INCREMENT BY 50
    NO MINVALUE
    NO MAXVALUE
    CACHE 1;


ALTER SEQUENCE public.inscripcion_seq OWNER TO postgres;

--
-- Name: pago; Type: TABLE; Schema: public; Owner: postgres
--

CREATE TABLE public.pago (
    id bigint NOT NULL,
    conceptos jsonb,
    fecha_pago date NOT NULL,
    metodo_pago character varying(255),
    monto_total numeric(10,2) NOT NULL,
    observaciones text,
    socio_id bigint NOT NULL,
    CONSTRAINT pago_metodo_pago_check CHECK (((metodo_pago)::text = ANY ((ARRAY['EFECTIVO'::character varying, 'TRANSFERENCIA'::character varying, 'DEBITO_AUTOMATICO'::character varying])::text[])))
);


ALTER TABLE public.pago OWNER TO postgres;

--
-- Name: pago_cuota; Type: TABLE; Schema: public; Owner: postgres
--

CREATE TABLE public.pago_cuota (
    id bigint NOT NULL,
    monto_aplicado numeric(10,2) NOT NULL,
    cuota_id bigint NOT NULL,
    pago_id bigint NOT NULL
);


ALTER TABLE public.pago_cuota OWNER TO postgres;

--
-- Name: pago_cuota_id_seq; Type: SEQUENCE; Schema: public; Owner: postgres
--

ALTER TABLE public.pago_cuota ALTER COLUMN id ADD GENERATED BY DEFAULT AS IDENTITY (
    SEQUENCE NAME public.pago_cuota_id_seq
    START WITH 1
    INCREMENT BY 1
    NO MINVALUE
    NO MAXVALUE
    CACHE 1
);


--
-- Name: pago_id_seq; Type: SEQUENCE; Schema: public; Owner: postgres
--

ALTER TABLE public.pago ALTER COLUMN id ADD GENERATED BY DEFAULT AS IDENTITY (
    SEQUENCE NAME public.pago_id_seq
    START WITH 1
    INCREMENT BY 1
    NO MINVALUE
    NO MAXVALUE
    CACHE 1
);


--
-- Name: persona; Type: TABLE; Schema: public; Owner: postgres
--

CREATE TABLE public.persona (
    id bigint NOT NULL,
    activo boolean NOT NULL,
    apellido character varying(255) NOT NULL,
    categoria character varying(255) NOT NULL,
    direccion character varying(255),
    dni character varying(255) NOT NULL,
    email character varying(255),
    fecha_nacimiento date,
    fecha_registro timestamp(6) with time zone NOT NULL,
    nombre character varying(255) NOT NULL,
    telefono character varying(255),
    socio_responsable_id bigint,
    CONSTRAINT persona_categoria_check CHECK (((categoria)::text = ANY ((ARRAY['SOCIO'::character varying, 'JUGADOR'::character varying, 'SOCIOYJUGADOR'::character varying])::text[])))
);


ALTER TABLE public.persona OWNER TO postgres;

--
-- Name: persona_deporte; Type: TABLE; Schema: public; Owner: postgres
--

CREATE TABLE public.persona_deporte (
    persona_id bigint NOT NULL,
    deporte_id bigint NOT NULL
);


ALTER TABLE public.persona_deporte OWNER TO postgres;

--
-- Name: persona_id_seq; Type: SEQUENCE; Schema: public; Owner: postgres
--

ALTER TABLE public.persona ALTER COLUMN id ADD GENERATED BY DEFAULT AS IDENTITY (
    SEQUENCE NAME public.persona_id_seq
    START WITH 1
    INCREMENT BY 1
    NO MINVALUE
    NO MAXVALUE
    CACHE 1
);


--
-- Name: promocion; Type: TABLE; Schema: public; Owner: postgres
--

CREATE TABLE public.promocion (
    id bigint NOT NULL,
    activo boolean NOT NULL,
    descripcion text,
    descuento numeric(10,2) NOT NULL,
    nombre character varying(100) NOT NULL,
    tipo_descuento character varying(255) NOT NULL,
    CONSTRAINT promocion_tipo_descuento_check CHECK (((tipo_descuento)::text = ANY ((ARRAY['PORCENTAJE'::character varying, 'MONTO_FIJO'::character varying])::text[])))
);


ALTER TABLE public.promocion OWNER TO postgres;

--
-- Name: promocion_id_seq; Type: SEQUENCE; Schema: public; Owner: postgres
--

ALTER TABLE public.promocion ALTER COLUMN id ADD GENERATED BY DEFAULT AS IDENTITY (
    SEQUENCE NAME public.promocion_id_seq
    START WITH 1
    INCREMENT BY 1
    NO MINVALUE
    NO MAXVALUE
    CACHE 1
);


--
-- Name: registro; Type: TABLE; Schema: public; Owner: postgres
--

CREATE TABLE public.registro (
    id bigint NOT NULL,
    apellido character varying(255) NOT NULL,
    dni character varying(255) NOT NULL,
    fecha_registro timestamp(6) with time zone NOT NULL,
    nombre character varying(255) NOT NULL
);


ALTER TABLE public.registro OWNER TO postgres;

--
-- Name: registro_id_seq; Type: SEQUENCE; Schema: public; Owner: postgres
--

ALTER TABLE public.registro ALTER COLUMN id ADD GENERATED BY DEFAULT AS IDENTITY (
    SEQUENCE NAME public.registro_id_seq
    START WITH 1
    INCREMENT BY 1
    NO MINVALUE
    NO MAXVALUE
    CACHE 1
);


--
-- Name: usuario; Type: TABLE; Schema: public; Owner: postgres
--

CREATE TABLE public.usuario (
    id bigint NOT NULL,
    password_hash character varying(255) NOT NULL,
    role character varying(255) NOT NULL,
    username character varying(255) NOT NULL,
    activo boolean DEFAULT true NOT NULL,
    CONSTRAINT usuario_role_check CHECK (((role)::text = ANY ((ARRAY['ADMIN'::character varying, 'SECRETARIO'::character varying])::text[])))
);


ALTER TABLE public.usuario OWNER TO postgres;

--
-- Name: usuario_id_seq; Type: SEQUENCE; Schema: public; Owner: postgres
--

ALTER TABLE public.usuario ALTER COLUMN id ADD GENERATED BY DEFAULT AS IDENTITY (
    SEQUENCE NAME public.usuario_id_seq
    START WITH 1
    INCREMENT BY 1
    NO MINVALUE
    NO MAXVALUE
    CACHE 1
);


--
-- Data for Name: cuota; Type: TABLE DATA; Schema: public; Owner: postgres
--

COPY public.cuota (id, estado, fecha_generacion, fecha_vencimiento, monto, periodo, deporte_id, persona_id, concepto, pago_id) FROM stdin;
2	PAGADA	2025-12-17	2024-01-31	150.50	2024-01-01	2	1	Cuota de Enero	5
4	GENERADA	2025-12-22	2026-01-01	5000.00	2025-12-01	2	63		\N
5	PAGADA	2025-12-23	2026-01-01	12000.00	2025-12-01	16	64		6
1	PAGADA	2025-12-17	2024-01-31	150.50	2024-01-01	1	1	Cuota de Enero	7
3	PAGADA	2025-12-22	2026-01-01	12000.00	2025-12-01	16	53		8
\.


--
-- Data for Name: deporte; Type: TABLE DATA; Schema: public; Owner: postgres
--

COPY public.deporte (id, cuota_mensual, descripcion, nombre) FROM stdin;
1	100.00	Ping pong	Tenis de Mesa
5	15000.00	Tenis de cancha	Tenis
2	5000.00	Cinco	Futbol
16	12000.00	de mujeres	Voley
\.


--
-- Data for Name: inscripcion; Type: TABLE DATA; Schema: public; Owner: postgres
--

COPY public.inscripcion (id, fecha_baja, fecha_inscripcion, deporte_id, persona_id) FROM stdin;
1	2025-12-17	2024-01-15	1	1
2	\N	2025-12-22	16	53
3	\N	2025-12-22	2	63
52	\N	2025-12-23	16	64
\.


--
-- Data for Name: pago; Type: TABLE DATA; Schema: public; Owner: postgres
--

COPY public.pago (id, conceptos, fecha_pago, metodo_pago, monto_total, observaciones, socio_id) FROM stdin;
5	\N	2024-01-15	EFECTIVO	300.00	Pago de enero de dos socios	1
6	\N	2025-12-23	EFECTIVO	12000.00	\N	64
7	\N	2025-12-23	EFECTIVO	75.25	\N	1
8	\N	2025-12-23	EFECTIVO	6000.00	\N	53
\.


--
-- Data for Name: pago_cuota; Type: TABLE DATA; Schema: public; Owner: postgres
--

COPY public.pago_cuota (id, monto_aplicado, cuota_id, pago_id) FROM stdin;
\.


--
-- Data for Name: persona; Type: TABLE DATA; Schema: public; Owner: postgres
--

COPY public.persona (id, activo, apellido, categoria, direccion, dni, email, fecha_nacimiento, fecha_registro, nombre, telefono, socio_responsable_id) FROM stdin;
1	f	Pérez García	SOCIOYJUGADOR	Calle Falsa 123	87654321	juan.updated@example.com	1985-08-22	2025-12-01 18:38:50.874863-03	Juan	9876543210	\N
51	t	Ruiz	SOCIOYJUGADOR	parana	999888777	\N	2004-05-13	2025-12-17 17:20:17.82427-03	Agustin	666555444	\N
4	t	Rodrigo	JUGADOR	san benito	123456789	\N	2025-12-02	2025-12-03 11:55:44.114132-03	Martinez	12321312312	\N
53	t	Rufino	SOCIO	parana	312312	\N	2025-12-01	2025-12-18 09:49:33.37288-03	Ana	666555444	\N
54	t	Rufino	SOCIO	qqq	123123123	\N	2025-12-01	2025-12-18 10:58:32.865494-03	Clara	12321312312	\N
55	t	Rojas	SOCIO	san benito	46510523	\N	2024-01-18	2025-12-18 10:59:01.786313-03	Ana	12312312	\N
58	t	Lucio	SOCIO	lasdsad	111111111	\N	2025-12-03	2025-12-18 11:00:37.480394-03	Revilla	12312312	\N
59	t	Revilla	SOCIO	lasdsad	0000000	\N	2019-01-18	2025-12-18 11:04:11.722678-03	Virginia	12312312	\N
61	t	Alizegui	SOCIO	parana	77777777	\N	1997-12-06	2025-12-18 11:32:05.29406-03	Josefina	66666666	\N
62	t	Lamas	SOCIO	\N	222222	\N	2004-11-03	2025-12-18 11:36:57.492251-03	Lorenzo	\N	\N
63	t	Jugador	SOCIOYJUGADOR	nogoya	20042025	\N	1991-08-01	2025-12-22 10:46:23.890276-03	De Futbol	20772086	\N
64	t	Lautaro	SOCIOYJUGADOR	oro verde	321654987	\N	2000-07-05	2025-12-23 09:59:43.818836-03	Revilla	789456123	\N
\.


--
-- Data for Name: persona_deporte; Type: TABLE DATA; Schema: public; Owner: postgres
--

COPY public.persona_deporte (persona_id, deporte_id) FROM stdin;
4	1
4	2
62	1
51	5
51	2
51	1
1	16
53	16
63	2
64	16
\.


--
-- Data for Name: promocion; Type: TABLE DATA; Schema: public; Owner: postgres
--

COPY public.promocion (id, activo, descripcion, descuento, nombre, tipo_descuento) FROM stdin;
2	t	descuento por asistir a mas de un deporte	3000.00	Multi deporte	MONTO_FIJO
3	t	descuento por buena gente	50.00	Amigo	PORCENTAJE
1	t	Descuento por inscripcion de varios integrantes de la familia	10.00	Familiar	PORCENTAJE
\.


--
-- Data for Name: registro; Type: TABLE DATA; Schema: public; Owner: postgres
--

COPY public.registro (id, apellido, dni, fecha_registro, nombre) FROM stdin;
1	Rufino	312312	2025-12-18 09:49:33.37288-03	Ana
2	Rufino	123123123	2025-12-18 10:58:32.865494-03	Clara
3	Rojas	46510523	2025-12-18 10:59:01.786313-03	Ana
4	Lucio	111111111	2025-12-18 11:00:37.480394-03	Revilla
5	Revilla	0000000	2025-12-18 11:04:11.722678-03	Virginia
6			2025-12-18 11:19:04.934477-03	
7	Alizegui	77777777	2025-12-18 11:32:05.29406-03	Josefina
8	Lamas	222222	2025-12-18 11:36:57.492251-03	Lorenzo
9	Jugador	20042025	2025-12-22 10:46:23.890276-03	De Futbol
10	Lautaro	321654987	2025-12-23 09:59:43.818836-03	Revilla
\.


--
-- Data for Name: usuario; Type: TABLE DATA; Schema: public; Owner: postgres
--

COPY public.usuario (id, password_hash, role, username, activo) FROM stdin;
1	CambioSeguro2025	ADMIN	nuevo.admin	t
\.


--
-- Name: cuota_id_seq; Type: SEQUENCE SET; Schema: public; Owner: postgres
--

SELECT pg_catalog.setval('public.cuota_id_seq', 5, true);


--
-- Name: deporte_id_seq; Type: SEQUENCE SET; Schema: public; Owner: postgres
--

SELECT pg_catalog.setval('public.deporte_id_seq', 16, true);


--
-- Name: inscripcion_seq; Type: SEQUENCE SET; Schema: public; Owner: postgres
--

SELECT pg_catalog.setval('public.inscripcion_seq', 101, true);


--
-- Name: pago_cuota_id_seq; Type: SEQUENCE SET; Schema: public; Owner: postgres
--

SELECT pg_catalog.setval('public.pago_cuota_id_seq', 1, false);


--
-- Name: pago_id_seq; Type: SEQUENCE SET; Schema: public; Owner: postgres
--

SELECT pg_catalog.setval('public.pago_id_seq', 8, true);


--
-- Name: persona_id_seq; Type: SEQUENCE SET; Schema: public; Owner: postgres
--

SELECT pg_catalog.setval('public.persona_id_seq', 64, true);


--
-- Name: promocion_id_seq; Type: SEQUENCE SET; Schema: public; Owner: postgres
--

SELECT pg_catalog.setval('public.promocion_id_seq', 3, true);


--
-- Name: registro_id_seq; Type: SEQUENCE SET; Schema: public; Owner: postgres
--

SELECT pg_catalog.setval('public.registro_id_seq', 10, true);


--
-- Name: usuario_id_seq; Type: SEQUENCE SET; Schema: public; Owner: postgres
--

SELECT pg_catalog.setval('public.usuario_id_seq', 1, true);


--
-- Name: cuota cuota_pkey; Type: CONSTRAINT; Schema: public; Owner: postgres
--

ALTER TABLE ONLY public.cuota
    ADD CONSTRAINT cuota_pkey PRIMARY KEY (id);


--
-- Name: deporte deporte_pkey; Type: CONSTRAINT; Schema: public; Owner: postgres
--

ALTER TABLE ONLY public.deporte
    ADD CONSTRAINT deporte_pkey PRIMARY KEY (id);


--
-- Name: inscripcion inscripcion_pkey; Type: CONSTRAINT; Schema: public; Owner: postgres
--

ALTER TABLE ONLY public.inscripcion
    ADD CONSTRAINT inscripcion_pkey PRIMARY KEY (id);


--
-- Name: pago_cuota pago_cuota_pkey; Type: CONSTRAINT; Schema: public; Owner: postgres
--

ALTER TABLE ONLY public.pago_cuota
    ADD CONSTRAINT pago_cuota_pkey PRIMARY KEY (id);


--
-- Name: pago pago_pkey; Type: CONSTRAINT; Schema: public; Owner: postgres
--

ALTER TABLE ONLY public.pago
    ADD CONSTRAINT pago_pkey PRIMARY KEY (id);


--
-- Name: persona_deporte persona_deporte_pkey; Type: CONSTRAINT; Schema: public; Owner: postgres
--

ALTER TABLE ONLY public.persona_deporte
    ADD CONSTRAINT persona_deporte_pkey PRIMARY KEY (persona_id, deporte_id);


--
-- Name: persona persona_pkey; Type: CONSTRAINT; Schema: public; Owner: postgres
--

ALTER TABLE ONLY public.persona
    ADD CONSTRAINT persona_pkey PRIMARY KEY (id);


--
-- Name: promocion promocion_pkey; Type: CONSTRAINT; Schema: public; Owner: postgres
--

ALTER TABLE ONLY public.promocion
    ADD CONSTRAINT promocion_pkey PRIMARY KEY (id);


--
-- Name: registro registro_pkey; Type: CONSTRAINT; Schema: public; Owner: postgres
--

ALTER TABLE ONLY public.registro
    ADD CONSTRAINT registro_pkey PRIMARY KEY (id);


--
-- Name: usuario uk863n1y3x0jalatoir4325ehal; Type: CONSTRAINT; Schema: public; Owner: postgres
--

ALTER TABLE ONLY public.usuario
    ADD CONSTRAINT uk863n1y3x0jalatoir4325ehal UNIQUE (username);


--
-- Name: registro uk8oy68l6vmfnl2cvnoubr60jr3; Type: CONSTRAINT; Schema: public; Owner: postgres
--

ALTER TABLE ONLY public.registro
    ADD CONSTRAINT uk8oy68l6vmfnl2cvnoubr60jr3 UNIQUE (dni);


--
-- Name: cuota uk_cuota_persona_deporte_periodo; Type: CONSTRAINT; Schema: public; Owner: postgres
--

ALTER TABLE ONLY public.cuota
    ADD CONSTRAINT uk_cuota_persona_deporte_periodo UNIQUE (persona_id, deporte_id, periodo);


--
-- Name: pago_cuota uk_pago_cuota_cuota_id; Type: CONSTRAINT; Schema: public; Owner: postgres
--

ALTER TABLE ONLY public.pago_cuota
    ADD CONSTRAINT uk_pago_cuota_cuota_id UNIQUE (cuota_id);


--
-- Name: persona ukhlwyecu2r9wagqayhej1kt5wy; Type: CONSTRAINT; Schema: public; Owner: postgres
--

ALTER TABLE ONLY public.persona
    ADD CONSTRAINT ukhlwyecu2r9wagqayhej1kt5wy UNIQUE (dni);


--
-- Name: promocion ukolxj0a61psjh8qftd1iw3a0en; Type: CONSTRAINT; Schema: public; Owner: postgres
--

ALTER TABLE ONLY public.promocion
    ADD CONSTRAINT ukolxj0a61psjh8qftd1iw3a0en UNIQUE (nombre);


--
-- Name: deporte ukp8csicfrqofd738h7ufq9lwxq; Type: CONSTRAINT; Schema: public; Owner: postgres
--

ALTER TABLE ONLY public.deporte
    ADD CONSTRAINT ukp8csicfrqofd738h7ufq9lwxq UNIQUE (nombre);


--
-- Name: usuario usuario_pkey; Type: CONSTRAINT; Schema: public; Owner: postgres
--

ALTER TABLE ONLY public.usuario
    ADD CONSTRAINT usuario_pkey PRIMARY KEY (id);


--
-- Name: cuota fk2scsr6kub5gepf6gxci8v8r9k; Type: FK CONSTRAINT; Schema: public; Owner: postgres
--

ALTER TABLE ONLY public.cuota
    ADD CONSTRAINT fk2scsr6kub5gepf6gxci8v8r9k FOREIGN KEY (pago_id) REFERENCES public.pago(id);


--
-- Name: inscripcion fk39ckmo4kmunuvq79gk53kuhyb; Type: FK CONSTRAINT; Schema: public; Owner: postgres
--

ALTER TABLE ONLY public.inscripcion
    ADD CONSTRAINT fk39ckmo4kmunuvq79gk53kuhyb FOREIGN KEY (deporte_id) REFERENCES public.deporte(id);


--
-- Name: inscripcion fk95i27mad61mfln42rdbhkqpv9; Type: FK CONSTRAINT; Schema: public; Owner: postgres
--

ALTER TABLE ONLY public.inscripcion
    ADD CONSTRAINT fk95i27mad61mfln42rdbhkqpv9 FOREIGN KEY (persona_id) REFERENCES public.persona(id);


--
-- Name: pago_cuota fk9wpvxss35vof27ekodka385h7; Type: FK CONSTRAINT; Schema: public; Owner: postgres
--

ALTER TABLE ONLY public.pago_cuota
    ADD CONSTRAINT fk9wpvxss35vof27ekodka385h7 FOREIGN KEY (pago_id) REFERENCES public.pago(id);


--
-- Name: cuota fkdwafq9vpj57ps69rem4i1cbvw; Type: FK CONSTRAINT; Schema: public; Owner: postgres
--

ALTER TABLE ONLY public.cuota
    ADD CONSTRAINT fkdwafq9vpj57ps69rem4i1cbvw FOREIGN KEY (deporte_id) REFERENCES public.deporte(id);


--
-- Name: persona_deporte fkiok40h87oe8u8rnd32t7isgcl; Type: FK CONSTRAINT; Schema: public; Owner: postgres
--

ALTER TABLE ONLY public.persona_deporte
    ADD CONSTRAINT fkiok40h87oe8u8rnd32t7isgcl FOREIGN KEY (deporte_id) REFERENCES public.deporte(id);


--
-- Name: persona_deporte fkkdew6r88jwwlml0rg3k9jo42g; Type: FK CONSTRAINT; Schema: public; Owner: postgres
--

ALTER TABLE ONLY public.persona_deporte
    ADD CONSTRAINT fkkdew6r88jwwlml0rg3k9jo42g FOREIGN KEY (persona_id) REFERENCES public.persona(id);


--
-- Name: pago fkki2hy7gnk8j4scgmqj3qh2162; Type: FK CONSTRAINT; Schema: public; Owner: postgres
--

ALTER TABLE ONLY public.pago
    ADD CONSTRAINT fkki2hy7gnk8j4scgmqj3qh2162 FOREIGN KEY (socio_id) REFERENCES public.persona(id);


--
-- Name: persona fkmshhft3asgvpt2u71cf9483ka; Type: FK CONSTRAINT; Schema: public; Owner: postgres
--

ALTER TABLE ONLY public.persona
    ADD CONSTRAINT fkmshhft3asgvpt2u71cf9483ka FOREIGN KEY (socio_responsable_id) REFERENCES public.persona(id);


--
-- Name: cuota fkocea2qlrxeulerh5wkgdhyyik; Type: FK CONSTRAINT; Schema: public; Owner: postgres
--

ALTER TABLE ONLY public.cuota
    ADD CONSTRAINT fkocea2qlrxeulerh5wkgdhyyik FOREIGN KEY (persona_id) REFERENCES public.persona(id);


--
-- Name: pago_cuota fkona6b6cajwjn2lqkr95trkcrv; Type: FK CONSTRAINT; Schema: public; Owner: postgres
--

ALTER TABLE ONLY public.pago_cuota
    ADD CONSTRAINT fkona6b6cajwjn2lqkr95trkcrv FOREIGN KEY (cuota_id) REFERENCES public.cuota(id);


--
-- PostgreSQL database dump complete
--

\unrestrict D8DIdM3iJoCMfCVD9dE54LxxPsFTGb4BOKrGxhLC9Z95jaOdkn3fajAkx6ilBvw

