--
-- PostgreSQL database dump
--

\restrict Q6tgf3vWaSZbI9aKIDvkfEaTdapRLlVKWsKb7LeRbD9zsj9UhbBEmya6SobKQys

-- Dumped from database version 17.7
-- Dumped by pg_dump version 17.7

SET statement_timeout = 0;
SET lock_timeout = 0;
SET idle_in_transaction_session_timeout = 0;
SET transaction_timeout = 0;
SET client_encoding = 'UTF8';
SET standard_conforming_strings = on;
SELECT pg_catalog.set_config('search_path', '', false);
SET check_function_bodies = false;
SET xmloption = content;
SET client_min_messages = warning;
SET row_security = off;

ALTER TABLE IF EXISTS ONLY public.pago_cuota DROP CONSTRAINT IF EXISTS fkona6b6cajwjn2lqkr95trkcrv;
ALTER TABLE IF EXISTS ONLY public.cuota DROP CONSTRAINT IF EXISTS fkocea2qlrxeulerh5wkgdhyyik;
ALTER TABLE IF EXISTS ONLY public.persona DROP CONSTRAINT IF EXISTS fkmshhft3asgvpt2u71cf9483ka;
ALTER TABLE IF EXISTS ONLY public.pago DROP CONSTRAINT IF EXISTS fkki2hy7gnk8j4scgmqj3qh2162;
ALTER TABLE IF EXISTS ONLY public.persona_deporte DROP CONSTRAINT IF EXISTS fkkdew6r88jwwlml0rg3k9jo42g;
ALTER TABLE IF EXISTS ONLY public.persona_deporte DROP CONSTRAINT IF EXISTS fkiok40h87oe8u8rnd32t7isgcl;
ALTER TABLE IF EXISTS ONLY public.cuota DROP CONSTRAINT IF EXISTS fkdwafq9vpj57ps69rem4i1cbvw;
ALTER TABLE IF EXISTS ONLY public.pago_cuota DROP CONSTRAINT IF EXISTS fk9wpvxss35vof27ekodka385h7;
ALTER TABLE IF EXISTS ONLY public.inscripcion DROP CONSTRAINT IF EXISTS fk95i27mad61mfln42rdbhkqpv9;
ALTER TABLE IF EXISTS ONLY public.inscripcion DROP CONSTRAINT IF EXISTS fk39ckmo4kmunuvq79gk53kuhyb;
ALTER TABLE IF EXISTS ONLY public.cuota DROP CONSTRAINT IF EXISTS fk2scsr6kub5gepf6gxci8v8r9k;
ALTER TABLE IF EXISTS ONLY public.usuario DROP CONSTRAINT IF EXISTS usuario_pkey;
ALTER TABLE IF EXISTS ONLY public.deporte DROP CONSTRAINT IF EXISTS ukp8csicfrqofd738h7ufq9lwxq;
ALTER TABLE IF EXISTS ONLY public.promocion DROP CONSTRAINT IF EXISTS ukolxj0a61psjh8qftd1iw3a0en;
ALTER TABLE IF EXISTS ONLY public.persona DROP CONSTRAINT IF EXISTS ukhlwyecu2r9wagqayhej1kt5wy;
ALTER TABLE IF EXISTS ONLY public.pago_cuota DROP CONSTRAINT IF EXISTS uk_pago_cuota_cuota_id;
ALTER TABLE IF EXISTS ONLY public.cuota DROP CONSTRAINT IF EXISTS uk_cuota_persona_deporte_periodo;
ALTER TABLE IF EXISTS ONLY public.registro DROP CONSTRAINT IF EXISTS uk8oy68l6vmfnl2cvnoubr60jr3;
ALTER TABLE IF EXISTS ONLY public.usuario DROP CONSTRAINT IF EXISTS uk863n1y3x0jalatoir4325ehal;
ALTER TABLE IF EXISTS ONLY public.registro DROP CONSTRAINT IF EXISTS registro_pkey;
ALTER TABLE IF EXISTS ONLY public.promocion DROP CONSTRAINT IF EXISTS promocion_pkey;
ALTER TABLE IF EXISTS ONLY public.persona DROP CONSTRAINT IF EXISTS persona_pkey;
ALTER TABLE IF EXISTS ONLY public.persona_deporte DROP CONSTRAINT IF EXISTS persona_deporte_pkey;
ALTER TABLE IF EXISTS ONLY public.pago DROP CONSTRAINT IF EXISTS pago_pkey;
ALTER TABLE IF EXISTS ONLY public.pago_cuota DROP CONSTRAINT IF EXISTS pago_cuota_pkey;
ALTER TABLE IF EXISTS ONLY public.inscripcion DROP CONSTRAINT IF EXISTS inscripcion_pkey;
ALTER TABLE IF EXISTS ONLY public.deporte DROP CONSTRAINT IF EXISTS deporte_pkey;
ALTER TABLE IF EXISTS ONLY public.cuota DROP CONSTRAINT IF EXISTS cuota_pkey;
ALTER TABLE IF EXISTS ONLY public.audit_log DROP CONSTRAINT IF EXISTS audit_log_pkey;
DROP TABLE IF EXISTS public.usuario;
DROP TABLE IF EXISTS public.registro;
DROP TABLE IF EXISTS public.promocion;
DROP TABLE IF EXISTS public.persona_deporte;
DROP TABLE IF EXISTS public.persona;
DROP TABLE IF EXISTS public.pago_cuota;
DROP TABLE IF EXISTS public.pago;
DROP SEQUENCE IF EXISTS public.inscripcion_seq;
DROP TABLE IF EXISTS public.inscripcion;
DROP TABLE IF EXISTS public.deporte;
DROP TABLE IF EXISTS public.cuota;
DROP TABLE IF EXISTS public.audit_log;
SET default_tablespace = '';

SET default_table_access_method = heap;

--
-- Name: audit_log; Type: TABLE; Schema: public; Owner: -
--

CREATE TABLE public.audit_log (
    id bigint NOT NULL,
    event character varying(255) NOT NULL,
    "timestamp" timestamp(6) with time zone NOT NULL,
    username character varying(255) NOT NULL
);


--
-- Name: audit_log_id_seq; Type: SEQUENCE; Schema: public; Owner: -
--

ALTER TABLE public.audit_log ALTER COLUMN id ADD GENERATED BY DEFAULT AS IDENTITY (
    SEQUENCE NAME public.audit_log_id_seq
    START WITH 1
    INCREMENT BY 1
    NO MINVALUE
    NO MAXVALUE
    CACHE 1
);


--
-- Name: cuota; Type: TABLE; Schema: public; Owner: -
--

CREATE TABLE public.cuota (
    id bigint NOT NULL,
    estado character varying(255) NOT NULL,
    fecha_generacion date NOT NULL,
    fecha_vencimiento date,
    monto numeric(10,2) NOT NULL,
    periodo date NOT NULL,
    deporte_id bigint NOT NULL,
    persona_id bigint NOT NULL,
    concepto text,
    pago_id bigint,
    CONSTRAINT cuota_estado_check CHECK (((estado)::text = ANY (ARRAY[('GENERADA'::character varying)::text, ('VENCIDA'::character varying)::text, ('PAGADA'::character varying)::text])))
);


--
-- Name: cuota_id_seq; Type: SEQUENCE; Schema: public; Owner: -
--

ALTER TABLE public.cuota ALTER COLUMN id ADD GENERATED BY DEFAULT AS IDENTITY (
    SEQUENCE NAME public.cuota_id_seq
    START WITH 1
    INCREMENT BY 1
    NO MINVALUE
    NO MAXVALUE
    CACHE 1
);


--
-- Name: deporte; Type: TABLE; Schema: public; Owner: -
--

CREATE TABLE public.deporte (
    id bigint NOT NULL,
    cuota_mensual numeric(10,2) NOT NULL,
    descripcion text,
    nombre character varying(100) NOT NULL
);


--
-- Name: deporte_id_seq; Type: SEQUENCE; Schema: public; Owner: -
--

ALTER TABLE public.deporte ALTER COLUMN id ADD GENERATED BY DEFAULT AS IDENTITY (
    SEQUENCE NAME public.deporte_id_seq
    START WITH 1
    INCREMENT BY 1
    NO MINVALUE
    NO MAXVALUE
    CACHE 1
);


--
-- Name: inscripcion; Type: TABLE; Schema: public; Owner: -
--

CREATE TABLE public.inscripcion (
    id bigint NOT NULL,
    fecha_baja date,
    fecha_inscripcion date NOT NULL,
    deporte_id bigint NOT NULL,
    persona_id bigint NOT NULL
);


--
-- Name: inscripcion_seq; Type: SEQUENCE; Schema: public; Owner: -
--

CREATE SEQUENCE public.inscripcion_seq
    START WITH 1
    INCREMENT BY 50
    NO MINVALUE
    NO MAXVALUE
    CACHE 1;


--
-- Name: pago; Type: TABLE; Schema: public; Owner: -
--

CREATE TABLE public.pago (
    id bigint NOT NULL,
    conceptos jsonb,
    fecha_pago date NOT NULL,
    metodo_pago character varying(255),
    monto_total numeric(10,2) NOT NULL,
    observaciones text,
    socio_id bigint NOT NULL,
    monto_descuento numeric(10,2) DEFAULT 0 NOT NULL,
    monto_original numeric(10,2) DEFAULT 0 NOT NULL,
    CONSTRAINT pago_metodo_pago_check CHECK (((metodo_pago)::text = ANY (ARRAY[('EFECTIVO'::character varying)::text, ('TRANSFERENCIA'::character varying)::text, ('DEBITO_AUTOMATICO'::character varying)::text])))
);


--
-- Name: pago_cuota; Type: TABLE; Schema: public; Owner: -
--

CREATE TABLE public.pago_cuota (
    id bigint NOT NULL,
    monto_aplicado numeric(10,2) NOT NULL,
    cuota_id bigint NOT NULL,
    pago_id bigint NOT NULL
);


--
-- Name: pago_cuota_id_seq; Type: SEQUENCE; Schema: public; Owner: -
--

ALTER TABLE public.pago_cuota ALTER COLUMN id ADD GENERATED BY DEFAULT AS IDENTITY (
    SEQUENCE NAME public.pago_cuota_id_seq
    START WITH 1
    INCREMENT BY 1
    NO MINVALUE
    NO MAXVALUE
    CACHE 1
);


--
-- Name: pago_id_seq; Type: SEQUENCE; Schema: public; Owner: -
--

ALTER TABLE public.pago ALTER COLUMN id ADD GENERATED BY DEFAULT AS IDENTITY (
    SEQUENCE NAME public.pago_id_seq
    START WITH 1
    INCREMENT BY 1
    NO MINVALUE
    NO MAXVALUE
    CACHE 1
);


--
-- Name: persona; Type: TABLE; Schema: public; Owner: -
--

CREATE TABLE public.persona (
    id bigint NOT NULL,
    activo boolean NOT NULL,
    apellido character varying(255) NOT NULL,
    categoria character varying(255) NOT NULL,
    direccion character varying(255),
    dni character varying(255) NOT NULL,
    email character varying(255),
    fecha_nacimiento date,
    fecha_registro timestamp(6) with time zone NOT NULL,
    nombre character varying(255) NOT NULL,
    telefono character varying(255),
    socio_responsable_id bigint,
    CONSTRAINT persona_categoria_check CHECK (((categoria)::text = ANY (ARRAY[('SOCIO'::character varying)::text, ('JUGADOR'::character varying)::text, ('SOCIOYJUGADOR'::character varying)::text])))
);


--
-- Name: persona_deporte; Type: TABLE; Schema: public; Owner: -
--

CREATE TABLE public.persona_deporte (
    persona_id bigint NOT NULL,
    deporte_id bigint NOT NULL
);


--
-- Name: persona_id_seq; Type: SEQUENCE; Schema: public; Owner: -
--

ALTER TABLE public.persona ALTER COLUMN id ADD GENERATED BY DEFAULT AS IDENTITY (
    SEQUENCE NAME public.persona_id_seq
    START WITH 1
    INCREMENT BY 1
    NO MINVALUE
    NO MAXVALUE
    CACHE 1
);


--
-- Name: promocion; Type: TABLE; Schema: public; Owner: -
--

CREATE TABLE public.promocion (
    id bigint NOT NULL,
    activo boolean NOT NULL,
    descripcion text,
    descuento numeric(10,2) NOT NULL,
    nombre character varying(100) NOT NULL,
    tipo_descuento character varying(255) NOT NULL,
    CONSTRAINT promocion_tipo_descuento_check CHECK (((tipo_descuento)::text = ANY (ARRAY[('PORCENTAJE'::character varying)::text, ('MONTO_FIJO'::character varying)::text])))
);


--
-- Name: promocion_id_seq; Type: SEQUENCE; Schema: public; Owner: -
--

ALTER TABLE public.promocion ALTER COLUMN id ADD GENERATED BY DEFAULT AS IDENTITY (
    SEQUENCE NAME public.promocion_id_seq
    START WITH 1
    INCREMENT BY 1
    NO MINVALUE
    NO MAXVALUE
    CACHE 1
);


--
-- Name: registro; Type: TABLE; Schema: public; Owner: -
--

CREATE TABLE public.registro (
    id bigint NOT NULL,
    apellido character varying(255) NOT NULL,
    dni character varying(255) NOT NULL,
    fecha_registro timestamp(6) with time zone NOT NULL,
    nombre character varying(255) NOT NULL
);


--
-- Name: registro_id_seq; Type: SEQUENCE; Schema: public; Owner: -
--

ALTER TABLE public.registro ALTER COLUMN id ADD GENERATED BY DEFAULT AS IDENTITY (
    SEQUENCE NAME public.registro_id_seq
    START WITH 1
    INCREMENT BY 1
    NO MINVALUE
    NO MAXVALUE
    CACHE 1
);


--
-- Name: usuario; Type: TABLE; Schema: public; Owner: -
--

CREATE TABLE public.usuario (
    id bigint NOT NULL,
    password_hash character varying(255) NOT NULL,
    role character varying(255) NOT NULL,
    username character varying(255) NOT NULL,
    activo boolean DEFAULT true NOT NULL,
    bloqueado boolean DEFAULT false NOT NULL,
    intentos_fallidos integer DEFAULT 0 NOT NULL,
    ultimo_acceso timestamp(6) with time zone,
    ultimo_intento_fallido timestamp(6) with time zone,
    CONSTRAINT usuario_role_check CHECK (((role)::text = ANY (ARRAY[('ADMIN'::character varying)::text, ('SECRETARIO'::character varying)::text])))
);


--
-- Name: usuario_id_seq; Type: SEQUENCE; Schema: public; Owner: -
--

ALTER TABLE public.usuario ALTER COLUMN id ADD GENERATED BY DEFAULT AS IDENTITY (
    SEQUENCE NAME public.usuario_id_seq
    START WITH 1
    INCREMENT BY 1
    NO MINVALUE
    NO MAXVALUE
    CACHE 1
);


--
-- Data for Name: audit_log; Type: TABLE DATA; Schema: public; Owner: -
--

COPY public.audit_log (id, event, "timestamp", username) FROM stdin;
\.


--
-- Data for Name: cuota; Type: TABLE DATA; Schema: public; Owner: -
--

COPY public.cuota (id, estado, fecha_generacion, fecha_vencimiento, monto, periodo, deporte_id, persona_id, concepto, pago_id) FROM stdin;
2	PAGADA	2025-12-17	2024-01-31	150.50	2024-01-01	2	1	Cuota de Enero	5
5	PAGADA	2025-12-23	2026-01-01	12000.00	2025-12-01	16	64		6
1	PAGADA	2025-12-17	2024-01-31	150.50	2024-01-01	1	1	Cuota de Enero	7
3	PAGADA	2025-12-22	2026-01-01	12000.00	2025-12-01	16	53		8
6	GENERADA	2026-01-05	2026-02-01	12000.00	2026-01-01	16	53		\N
8	GENERADA	2026-01-05	2026-02-01	12000.00	2026-01-01	16	64		\N
9	PAGADA	2026-01-05	2026-02-01	15000.00	2026-01-01	5	59		9
10	PAGADA	2026-01-05	2026-02-01	100.00	2026-01-01	1	61		10
11	PAGADA	2026-01-05	2026-02-01	15000.00	2026-01-01	5	61		10
12	PAGADA	2026-01-05	2026-02-01	5000.00	2026-01-01	2	61		10
13	PAGADA	2026-01-05	2026-02-01	12000.00	2026-01-01	16	61		10
14	PAGADA	2026-01-05	2026-02-01	5000.00	2026-01-01	2	67		11
15	PAGADA	2026-01-05	2026-02-01	12000.00	2026-01-01	16	67		11
16	PAGADA	2026-01-05	2026-02-01	15000.00	2026-01-01	5	67		11
17	PAGADA	2026-01-05	2026-02-01	128000.00	2026-01-01	17	67		11
18	PAGADA	2026-01-05	2026-02-01	100.00	2026-01-01	1	67		11
4	PAGADA	2025-12-22	2026-01-01	5000.00	2025-12-01	2	63		12
20	PAGADA	2026-01-05	2026-02-01	128000.00	2026-01-01	17	63		12
19	PAGADA	2026-01-05	2026-02-01	12000.00	2026-01-01	16	63		12
7	PAGADA	2026-01-05	2026-02-01	5000.00	2026-01-01	2	63		12
24	GENERADA	2026-01-05	2026-02-01	128000.00	2026-01-01	17	55		\N
21	PAGADA	2026-01-05	2026-02-01	100.00	2026-01-01	1	55		13
22	PAGADA	2026-01-05	2026-02-01	15000.00	2026-01-01	5	55		13
26	PAGADA	2026-01-05	2026-02-01	15000.00	2026-01-01	18	68		14
23	PAGADA	2026-01-05	2026-02-01	5000.00	2026-01-01	2	55		15
25	PAGADA	2026-01-05	2026-02-01	12000.00	2026-01-01	16	55		15
\.


--
-- Data for Name: deporte; Type: TABLE DATA; Schema: public; Owner: -
--

COPY public.deporte (id, cuota_mensual, descripcion, nombre) FROM stdin;
1	100.00	Ping pong	Tenis de Mesa
5	15000.00	Tenis de cancha	Tenis
2	5000.00	Cinco	Futbol
16	12000.00	de mujeres	Voley
17	128000.00		Hockey
18	15000.00	Infantiles	Rugby
\.


--
-- Data for Name: inscripcion; Type: TABLE DATA; Schema: public; Owner: -
--

COPY public.inscripcion (id, fecha_baja, fecha_inscripcion, deporte_id, persona_id) FROM stdin;
1	2025-12-17	2024-01-15	1	1
2	\N	2025-12-22	16	53
3	\N	2025-12-22	2	63
52	\N	2025-12-23	16	64
102	\N	2026-01-05	5	59
152	\N	2026-01-05	1	61
153	\N	2026-01-05	5	61
154	\N	2026-01-05	2	61
155	\N	2026-01-05	16	61
202	\N	2026-01-05	2	67
203	\N	2026-01-05	16	67
204	\N	2026-01-05	5	67
205	\N	2026-01-05	17	67
206	\N	2026-01-05	1	67
252	\N	2026-01-05	16	63
253	\N	2026-01-05	17	63
302	\N	2026-01-05	1	55
303	\N	2026-01-05	5	55
304	\N	2026-01-05	2	55
305	\N	2026-01-05	17	55
306	\N	2026-01-05	16	55
352	\N	2026-01-05	18	68
\.


--
-- Data for Name: pago; Type: TABLE DATA; Schema: public; Owner: -
--

COPY public.pago (id, conceptos, fecha_pago, metodo_pago, monto_total, observaciones, socio_id, monto_descuento, monto_original) FROM stdin;
5	\N	2024-01-15	EFECTIVO	300.00	Pago de enero de dos socios	1	0.00	0.00
6	\N	2025-12-23	EFECTIVO	12000.00	\N	64	0.00	0.00
7	\N	2025-12-23	EFECTIVO	75.25	\N	1	0.00	0.00
8	\N	2025-12-23	EFECTIVO	6000.00	\N	53	0.00	0.00
9	\N	2026-01-05	EFECTIVO	13200.00	\N	59	1800.00	15000.00
10	\N	2026-01-05	TRANSFERENCIA	32100.00	\N	61	0.00	32100.00
11	\N	2026-01-05	EFECTIVO	160100.00	\N	67	0.00	160100.00
12	\N	2026-01-05	EFECTIVO	150000.00	\N	63	0.00	150000.00
13	\N	2026-01-05	TRANSFERENCIA	15100.00	\N	55	0.00	15100.00
14	\N	2026-01-05	EFECTIVO	13200.00	\N	68	1800.00	15000.00
15	\N	2026-01-05	EFECTIVO	17000.00	\N	55	0.00	17000.00
\.


--
-- Data for Name: pago_cuota; Type: TABLE DATA; Schema: public; Owner: -
--

COPY public.pago_cuota (id, monto_aplicado, cuota_id, pago_id) FROM stdin;
\.


--
-- Data for Name: persona; Type: TABLE DATA; Schema: public; Owner: -
--

COPY public.persona (id, activo, apellido, categoria, direccion, dni, email, fecha_nacimiento, fecha_registro, nombre, telefono, socio_responsable_id) FROM stdin;
1	f	Pérez García	SOCIOYJUGADOR	Calle Falsa 123	87654321	juan.updated@example.com	1985-08-22	2025-12-01 18:38:50.874863-03	Juan	9876543210	\N
51	t	Ruiz	SOCIOYJUGADOR	parana	999888777	\N	2004-05-13	2025-12-17 17:20:17.82427-03	Agustin	666555444	\N
4	t	Rodrigo	JUGADOR	san benito	123456789	\N	2025-12-02	2025-12-03 11:55:44.114132-03	Martinez	12321312312	\N
53	t	Rufino	SOCIO	parana	312312	\N	2025-12-01	2025-12-18 09:49:33.37288-03	Ana	666555444	\N
55	t	Rojas	SOCIO	san benito	46510523	\N	2024-01-18	2025-12-18 10:59:01.786313-03	Ana	12312312	\N
59	t	Revilla	SOCIO	lasdsad	0000000	\N	2019-01-18	2025-12-18 11:04:11.722678-03	Virginia	12312312	\N
61	t	Alizegui	SOCIO	parana	77777777	\N	1997-12-06	2025-12-18 11:32:05.29406-03	Josefina	66666666	\N
62	t	Lamas	SOCIO	\N	222222	\N	2004-11-03	2025-12-18 11:36:57.492251-03	Lorenzo	\N	\N
63	t	Jugador	SOCIOYJUGADOR	nogoya	20042025	\N	1991-08-01	2025-12-22 10:46:23.890276-03	De Futbol	20772086	\N
64	t	Lautaro	SOCIOYJUGADOR	oro verde	321654987	\N	2000-07-05	2025-12-23 09:59:43.818836-03	Revilla	789456123	\N
67	t	gonzales	SOCIO	\N	10100010101	\N	1976-01-02	2026-01-05 18:10:45.189047-03	Juan	\N	\N
68	t	garcia	SOCIO	\N	12545235	\N	2008-03-26	2026-01-05 20:25:59.278737-03	Tomas	\N	\N
\.


--
-- Data for Name: persona_deporte; Type: TABLE DATA; Schema: public; Owner: -
--

COPY public.persona_deporte (persona_id, deporte_id) FROM stdin;
4	1
4	2
62	1
51	5
51	2
51	1
1	16
53	16
63	2
64	16
59	5
61	1
61	5
61	2
61	16
67	2
67	16
67	5
67	17
67	1
63	16
63	17
55	1
55	5
55	2
55	17
55	16
68	18
\.


--
-- Data for Name: promocion; Type: TABLE DATA; Schema: public; Owner: -
--

COPY public.promocion (id, activo, descripcion, descuento, nombre, tipo_descuento) FROM stdin;
3	t	descuento por buena gente	50.00	Amigo	PORCENTAJE
4	t		12.00	Familiar	PORCENTAJE
2	t	descuento por asistir a mas de un deporte	3000.00	Multi deporte	MONTO_FIJO
5	t	Tiene beca	100.00	Becado	PORCENTAJE
\.


--
-- Data for Name: registro; Type: TABLE DATA; Schema: public; Owner: -
--

COPY public.registro (id, apellido, dni, fecha_registro, nombre) FROM stdin;
1	Rufino	312312	2025-12-18 09:49:33.37288-03	Ana
2	Rufino	123123123	2025-12-18 10:58:32.865494-03	Clara
3	Rojas	46510523	2025-12-18 10:59:01.786313-03	Ana
4	Lucio	111111111	2025-12-18 11:00:37.480394-03	Revilla
5	Revilla	0000000	2025-12-18 11:04:11.722678-03	Virginia
6			2025-12-18 11:19:04.934477-03	
7	Alizegui	77777777	2025-12-18 11:32:05.29406-03	Josefina
8	Lamas	222222	2025-12-18 11:36:57.492251-03	Lorenzo
9	Jugador	20042025	2025-12-22 10:46:23.890276-03	De Futbol
10	Lautaro	321654987	2025-12-23 09:59:43.818836-03	Revilla
11	ezio	8888888	2025-12-29 10:08:35.826764-03	eladio
12	gonzales	10100010101	2026-01-05 18:10:45.189047-03	Juan
13	garcia	12545235	2026-01-05 20:25:59.278737-03	Tomas
\.


--
-- Data for Name: usuario; Type: TABLE DATA; Schema: public; Owner: -
--

COPY public.usuario (id, password_hash, role, username, activo, bloqueado, intentos_fallidos, ultimo_acceso, ultimo_intento_fallido) FROM stdin;
1	CambioSeguro2025	ADMIN	nuevo.admin	t	f	0	\N	\N
3	$2a$10$tuF/tAL5rMqmLDyEkSBFeuQZkWc.c5e9.55.rHTy3dEd72eceYrsK	SECRETARIO	secretario	t	f	0	\N	\N
2	$2a$10$xizv4xhAHGqYv1jxbZ/wNuwpK/8Dj/eTYfIVxxhjXX5dFOayoGDmG	ADMIN	admin	t	f	0	\N	\N
\.


--
-- Name: audit_log_id_seq; Type: SEQUENCE SET; Schema: public; Owner: -
--

SELECT pg_catalog.setval('public.audit_log_id_seq', 1, false);


--
-- Name: cuota_id_seq; Type: SEQUENCE SET; Schema: public; Owner: -
--

SELECT pg_catalog.setval('public.cuota_id_seq', 26, true);


--
-- Name: deporte_id_seq; Type: SEQUENCE SET; Schema: public; Owner: -
--

SELECT pg_catalog.setval('public.deporte_id_seq', 18, true);


--
-- Name: inscripcion_seq; Type: SEQUENCE SET; Schema: public; Owner: -
--

SELECT pg_catalog.setval('public.inscripcion_seq', 401, true);


--
-- Name: pago_cuota_id_seq; Type: SEQUENCE SET; Schema: public; Owner: -
--

SELECT pg_catalog.setval('public.pago_cuota_id_seq', 1, false);


--
-- Name: pago_id_seq; Type: SEQUENCE SET; Schema: public; Owner: -
--

SELECT pg_catalog.setval('public.pago_id_seq', 15, true);


--
-- Name: persona_id_seq; Type: SEQUENCE SET; Schema: public; Owner: -
--

SELECT pg_catalog.setval('public.persona_id_seq', 68, true);


--
-- Name: promocion_id_seq; Type: SEQUENCE SET; Schema: public; Owner: -
--

SELECT pg_catalog.setval('public.promocion_id_seq', 5, true);


--
-- Name: registro_id_seq; Type: SEQUENCE SET; Schema: public; Owner: -
--

SELECT pg_catalog.setval('public.registro_id_seq', 13, true);


--
-- Name: usuario_id_seq; Type: SEQUENCE SET; Schema: public; Owner: -
--

SELECT pg_catalog.setval('public.usuario_id_seq', 3, true);


--
-- Name: audit_log audit_log_pkey; Type: CONSTRAINT; Schema: public; Owner: -
--

ALTER TABLE ONLY public.audit_log
    ADD CONSTRAINT audit_log_pkey PRIMARY KEY (id);


--
-- Name: cuota cuota_pkey; Type: CONSTRAINT; Schema: public; Owner: -
--

ALTER TABLE ONLY public.cuota
    ADD CONSTRAINT cuota_pkey PRIMARY KEY (id);


--
-- Name: deporte deporte_pkey; Type: CONSTRAINT; Schema: public; Owner: -
--

ALTER TABLE ONLY public.deporte
    ADD CONSTRAINT deporte_pkey PRIMARY KEY (id);


--
-- Name: inscripcion inscripcion_pkey; Type: CONSTRAINT; Schema: public; Owner: -
--

ALTER TABLE ONLY public.inscripcion
    ADD CONSTRAINT inscripcion_pkey PRIMARY KEY (id);


--
-- Name: pago_cuota pago_cuota_pkey; Type: CONSTRAINT; Schema: public; Owner: -
--

ALTER TABLE ONLY public.pago_cuota
    ADD CONSTRAINT pago_cuota_pkey PRIMARY KEY (id);


--
-- Name: pago pago_pkey; Type: CONSTRAINT; Schema: public; Owner: -
--

ALTER TABLE ONLY public.pago
    ADD CONSTRAINT pago_pkey PRIMARY KEY (id);


--
-- Name: persona_deporte persona_deporte_pkey; Type: CONSTRAINT; Schema: public; Owner: -
--

ALTER TABLE ONLY public.persona_deporte
    ADD CONSTRAINT persona_deporte_pkey PRIMARY KEY (persona_id, deporte_id);


--
-- Name: persona persona_pkey; Type: CONSTRAINT; Schema: public; Owner: -
--

ALTER TABLE ONLY public.persona
    ADD CONSTRAINT persona_pkey PRIMARY KEY (id);


--
-- Name: promocion promocion_pkey; Type: CONSTRAINT; Schema: public; Owner: -
--

ALTER TABLE ONLY public.promocion
    ADD CONSTRAINT promocion_pkey PRIMARY KEY (id);


--
-- Name: registro registro_pkey; Type: CONSTRAINT; Schema: public; Owner: -
--

ALTER TABLE ONLY public.registro
    ADD CONSTRAINT registro_pkey PRIMARY KEY (id);


--
-- Name: usuario uk863n1y3x0jalatoir4325ehal; Type: CONSTRAINT; Schema: public; Owner: -
--

ALTER TABLE ONLY public.usuario
    ADD CONSTRAINT uk863n1y3x0jalatoir4325ehal UNIQUE (username);


--
-- Name: registro uk8oy68l6vmfnl2cvnoubr60jr3; Type: CONSTRAINT; Schema: public; Owner: -
--

ALTER TABLE ONLY public.registro
    ADD CONSTRAINT uk8oy68l6vmfnl2cvnoubr60jr3 UNIQUE (dni);


--
-- Name: cuota uk_cuota_persona_deporte_periodo; Type: CONSTRAINT; Schema: public; Owner: -
--

ALTER TABLE ONLY public.cuota
    ADD CONSTRAINT uk_cuota_persona_deporte_periodo UNIQUE (persona_id, deporte_id, periodo);


--
-- Name: pago_cuota uk_pago_cuota_cuota_id; Type: CONSTRAINT; Schema: public; Owner: -
--

ALTER TABLE ONLY public.pago_cuota
    ADD CONSTRAINT uk_pago_cuota_cuota_id UNIQUE (cuota_id);


--
-- Name: persona ukhlwyecu2r9wagqayhej1kt5wy; Type: CONSTRAINT; Schema: public; Owner: -
--

ALTER TABLE ONLY public.persona
    ADD CONSTRAINT ukhlwyecu2r9wagqayhej1kt5wy UNIQUE (dni);


--
-- Name: promocion ukolxj0a61psjh8qftd1iw3a0en; Type: CONSTRAINT; Schema: public; Owner: -
--

ALTER TABLE ONLY public.promocion
    ADD CONSTRAINT ukolxj0a61psjh8qftd1iw3a0en UNIQUE (nombre);


--
-- Name: deporte ukp8csicfrqofd738h7ufq9lwxq; Type: CONSTRAINT; Schema: public; Owner: -
--

ALTER TABLE ONLY public.deporte
    ADD CONSTRAINT ukp8csicfrqofd738h7ufq9lwxq UNIQUE (nombre);


--
-- Name: usuario usuario_pkey; Type: CONSTRAINT; Schema: public; Owner: -
--

ALTER TABLE ONLY public.usuario
    ADD CONSTRAINT usuario_pkey PRIMARY KEY (id);


--
-- Name: cuota fk2scsr6kub5gepf6gxci8v8r9k; Type: FK CONSTRAINT; Schema: public; Owner: -
--

ALTER TABLE ONLY public.cuota
    ADD CONSTRAINT fk2scsr6kub5gepf6gxci8v8r9k FOREIGN KEY (pago_id) REFERENCES public.pago(id);


--
-- Name: inscripcion fk39ckmo4kmunuvq79gk53kuhyb; Type: FK CONSTRAINT; Schema: public; Owner: -
--

ALTER TABLE ONLY public.inscripcion
    ADD CONSTRAINT fk39ckmo4kmunuvq79gk53kuhyb FOREIGN KEY (deporte_id) REFERENCES public.deporte(id);


--
-- Name: inscripcion fk95i27mad61mfln42rdbhkqpv9; Type: FK CONSTRAINT; Schema: public; Owner: -
--

ALTER TABLE ONLY public.inscripcion
    ADD CONSTRAINT fk95i27mad61mfln42rdbhkqpv9 FOREIGN KEY (persona_id) REFERENCES public.persona(id);


--
-- Name: pago_cuota fk9wpvxss35vof27ekodka385h7; Type: FK CONSTRAINT; Schema: public; Owner: -
--

ALTER TABLE ONLY public.pago_cuota
    ADD CONSTRAINT fk9wpvxss35vof27ekodka385h7 FOREIGN KEY (pago_id) REFERENCES public.pago(id);


--
-- Name: cuota fkdwafq9vpj57ps69rem4i1cbvw; Type: FK CONSTRAINT; Schema: public; Owner: -
--

ALTER TABLE ONLY public.cuota
    ADD CONSTRAINT fkdwafq9vpj57ps69rem4i1cbvw FOREIGN KEY (deporte_id) REFERENCES public.deporte(id);


--
-- Name: persona_deporte fkiok40h87oe8u8rnd32t7isgcl; Type: FK CONSTRAINT; Schema: public; Owner: -
--

ALTER TABLE ONLY public.persona_deporte
    ADD CONSTRAINT fkiok40h87oe8u8rnd32t7isgcl FOREIGN KEY (deporte_id) REFERENCES public.deporte(id);


--
-- Name: persona_deporte fkkdew6r88jwwlml0rg3k9jo42g; Type: FK CONSTRAINT; Schema: public; Owner: -
--

ALTER TABLE ONLY public.persona_deporte
    ADD CONSTRAINT fkkdew6r88jwwlml0rg3k9jo42g FOREIGN KEY (persona_id) REFERENCES public.persona(id);


--
-- Name: pago fkki2hy7gnk8j4scgmqj3qh2162; Type: FK CONSTRAINT; Schema: public; Owner: -
--

ALTER TABLE ONLY public.pago
    ADD CONSTRAINT fkki2hy7gnk8j4scgmqj3qh2162 FOREIGN KEY (socio_id) REFERENCES public.persona(id);


--
-- Name: persona fkmshhft3asgvpt2u71cf9483ka; Type: FK CONSTRAINT; Schema: public; Owner: -
--

ALTER TABLE ONLY public.persona
    ADD CONSTRAINT fkmshhft3asgvpt2u71cf9483ka FOREIGN KEY (socio_responsable_id) REFERENCES public.persona(id);


--
-- Name: cuota fkocea2qlrxeulerh5wkgdhyyik; Type: FK CONSTRAINT; Schema: public; Owner: -
--

ALTER TABLE ONLY public.cuota
    ADD CONSTRAINT fkocea2qlrxeulerh5wkgdhyyik FOREIGN KEY (persona_id) REFERENCES public.persona(id);


--
-- Name: pago_cuota fkona6b6cajwjn2lqkr95trkcrv; Type: FK CONSTRAINT; Schema: public; Owner: -
--

ALTER TABLE ONLY public.pago_cuota
    ADD CONSTRAINT fkona6b6cajwjn2lqkr95trkcrv FOREIGN KEY (cuota_id) REFERENCES public.cuota(id);


--
-- PostgreSQL database dump complete
--

\unrestrict Q6tgf3vWaSZbI9aKIDvkfEaTdapRLlVKWsKb7LeRbD9zsj9UhbBEmya6SobKQys

